"Link","Watch_Duration","Watch_Timestamp"
"https://www.google.com",10,"2019-12-05 14:51:34.403239"
"https://www.reddit.com",10,"2019-12-05 14:51:45.406544"
"https://www.reddit.com",10,"2019-12-05 14:51:56.412675"
"https://www.bing.com",10,"2019-12-05 14:52:07.418803"
"https://www.google.com",10,2
"https://www.reddit.com",10,"2019-12-05 14:52:18.422600"
"https://www.reddit.com",10,"2019-12-05 14:52:29.429465"
"https://www.bing.com",10,"2019-12-05 14:52:40.434941"
"https://www.google.com",10,2
"https://www.reddit.com",10,"2019-12-05 14:52:51.439760"
"https://www.reddit.com",10,"2019-12-05 14:53:02.446116"
"https://www.bing.com",10,"2019-12-05 14:53:13.451203"
"https://www.google.com",10,1
"https://www.reddit.com",10,"2019-12-05 14:53:24.455820"
"https://www.reddit.com",10,"2019-12-05 14:53:35.482867"
"https://www.bing.com",10,"2019-12-05 14:53:46.488895"
"https://www.google.com",10,2
"https://www.reddit.com",10,0
"https://www.reddit.com",10,0
"https://www.bing.com",10,0
"https://www.google.com",10,2
"https://www.reddit.com",10,0
"https://www.reddit.com",10,0
"https://www.bing.com",10,0
