,Directory,Filename,Creation,Lot_No
0,J:\controlled_docs\SDS\Agilent_SDS\USA\USA-2,IAA-213_US(EN)_3.pdf,2019-03-30 14:30:39.063188,IAA-213
1,J:\controlled_docs\SDS\Agilent_SDS\USA\USA-1,IAA-013_US(EN)_4.pdf,2019-03-30 07:31:53.660882,IAA-013
2,J:\controlled_docs\SDS\Agilent_SDS\USA\USA-1,ICP-013_US(EN)_4.pdf,2019-03-29 04:27:50.725177,ICP-013
3,J:\controlled_docs\SDS\Agilent_SDS\USA\USA-1,ICP-113_US(EN)_3.pdf,2019-03-29 07:45:50.705364,ICP-113
4,J:\controlled_docs\SDS\Agilent_SDS\USA\USA-2,ICP-313_US(EN)_3.pdf,2019-03-31 09:09:20.495131,ICP-313
5,J:\controlled_docs\SDS\Agilent_SDS\USA\USA-1,ICP-413_US(EN)_2.pdf,2019-03-29 11:06:26.562546,ICP-413
6,J:\controlled_docs\SDS\Agilent_SDS\USA\USA-2,IAA-251_US(EN)_5.pdf,2019-03-30 23:02:09.076433,IAA-251
7,J:\controlled_docs\SDS\Agilent_SDS\USA\USA-1,IAA-051_US(EN)_4.pdf,2019-03-30 11:39:37.619343,IAA-051
8,J:\controlled_docs\SDS\Agilent_SDS\USA\USA-1,ICP-051_US(EN)_4.pdf,2019-03-29 06:04:57.190380,ICP-051
9,J:\controlled_docs\SDS\Agilent_SDS\USA\USA-1,ICP-151_US(EN)_3.pdf,2019-03-29 09:23:07.717577,ICP-151
10,J:\controlled_docs\SDS\Agilent_SDS\USA\USA-1,ICP-351_US(EN)_3.pdf,2019-03-29 10:10:45.676033,ICP-351
11,J:\controlled_docs\SDS\Agilent_SDS\USA\USA-1,ICP-451_US(EN)_2.pdf,2019-03-29 11:59:00.462290,ICP-451
12,J:\controlled_docs\SDS\Agilent_SDS\USA\USA-1,ICP-033_US(EN)_4.pdf,2019-03-29 05:23:14.455220,ICP-033
13,J:\controlled_docs\SDS\Agilent_SDS\USA\USA-1,ICP-133_US(EN)_3.pdf,2019-03-29 08:39:42.465480,ICP-133
14,J:\controlled_docs\SDS\Agilent_SDS\USA\USA-1,ICP-333_US(EN)_3.pdf,2019-03-29 10:16:10.477065,ICP-333
15,J:\controlled_docs\SDS\Agilent_SDS\USA\USA-1,ICP-433_US(EN)_2.pdf,2019-03-29 11:42:20.090111,ICP-433
16,J:\controlled_docs\SDS\Agilent_SDS\USA\USA-2,IAA-233_US(EN)_4.pdf,2019-03-30 18:20:46.141584,IAA-233
17,J:\controlled_docs\SDS\Agilent_SDS\USA\USA-1,IAA-033_US(EN)_4.pdf,2019-03-30 09:34:40.132752,IAA-033
18,J:\controlled_docs\SDS\Agilent_SDS\USA\USA-2,IAA-256_US(EN)_3.pdf,2019-03-30 23:37:25.134768,IAA-256
19,J:\controlled_docs\SDS\Agilent_SDS\USA\USA-1,IAA-056_US(EN)_3.pdf,2019-03-30 12:03:51.044197,IAA-056
20,J:\controlled_docs\SDS\Agilent_SDS\USA\USA-1,ICP-056_US(EN)_4.pdf,2019-03-29 06:13:29.759441,ICP-056
21,J:\controlled_docs\SDS\Agilent_SDS\USA\USA-1,ICP-156_US(EN)_2.pdf,2019-03-29 09:32:22.584054,ICP-156
22,J:\controlled_docs\SDS\Agilent_SDS\USA\USA-2,ICP-356_US(EN)_3.pdf,2019-03-31 09:22:51.677389,ICP-356
23,J:\controlled_docs\SDS\Agilent_SDS\USA\USA-3,ICP-456_US(EN)_3.pdf,2019-08-23 12:52:53.124665,ICP-456
24,J:\controlled_docs\SDS\Agilent_SDS\USA\USA-2,IAA-204_US(EN)_4.pdf,2019-03-30 13:52:41.768414,IAA-204
25,J:\controlled_docs\SDS\Agilent_SDS\USA\USA-1,IAA-004_US(EN)_4.pdf,2019-03-30 07:10:17.911546,IAA-004
26,J:\controlled_docs\SDS\Agilent_SDS\USA\USA-1,ICP-004_US(EN)_4.pdf,2019-03-29 04:16:13.449100,ICP-004
27,J:\controlled_docs\SDS\Agilent_SDS\USA\USA-1,ICP-104_US(EN)_4.pdf,2019-03-29 07:33:54.852451,ICP-104
28,J:\controlled_docs\SDS\Agilent_SDS\USA\USA-1,ICP-304_US(EN)_4.pdf,2019-03-28 20:17:06.038453,ICP-304
29,J:\controlled_docs\SDS\Agilent_SDS\USA\USA-3,ICP-404_US(EN)_3.pdf,2019-08-23 12:51:52.342638,ICP-404
30,J:\controlled_docs\SDS\Agilent_SDS\USA\USA-2,IAA-283_US(EN)_3.pdf,2019-03-31 03:26:16.200405,IAA-283
31,J:\controlled_docs\SDS\Agilent_SDS\USA\USA-2,IAA-083_US(EN)_4.pdf,2019-03-30 13:13:09.519300,IAA-083
32,J:\controlled_docs\SDS\Agilent_SDS\USA\USA-1,ICP-083_US(EN)_3.pdf,2019-03-29 07:21:35.952368,ICP-083
33,J:\controlled_docs\SDS\Agilent_SDS\USA\USA-1,ICP-183_US(EN)_3.pdf,2019-03-29 10:45:05.358647,ICP-183
34,J:\controlled_docs\SDS\Agilent_SDS\USA\USA-1,IAA-205_US(EN)_4.pdf,2019-03-30 06:41:46.135574,IAA-205
35,J:\controlled_docs\SDS\Agilent_SDS\USA\USA-1,IAA-005_US(EN)_3.pdf,2019-03-30 06:34:22.989277,IAA-005
36,J:\controlled_docs\SDS\Agilent_SDS\USA\USA-1,ICP-005_US(EN)_3.pdf,2019-03-29 04:19:39.218676,ICP-005
37,J:\controlled_docs\SDS\Agilent_SDS\USA\USA-1,ICP-105_US(EN)_3.pdf,2019-03-29 07:36:52.260972,ICP-105
38,J:\controlled_docs\SDS\Agilent_SDS\USA\USA-2,ICP-305_US(EN)_3.pdf,2019-03-31 09:36:29.687859,ICP-305
39,J:\controlled_docs\SDS\Agilent_SDS\USA\USA-1,ICP-405_US(EN)_2.pdf,2019-03-29 10:59:23.197752,ICP-405
40,J:\controlled_docs\SDS\Agilent_SDS\USA\USA-2,IAA-248_US(EN)_4.pdf,2019-03-30 22:23:50.609513,IAA-248
41,J:\controlled_docs\SDS\Agilent_SDS\USA\USA-1,IAA-048_US(EN)_4.pdf,2019-03-30 11:09:29.752453,IAA-048
42,J:\controlled_docs\SDS\Agilent_SDS\USA\USA-1,ICP-048_US(EN)_3.pdf,2019-03-29 05:56:25.715083,ICP-048
43,J:\controlled_docs\SDS\Agilent_SDS\USA\USA-1,ICP-148_US(EN)_4.pdf,2019-03-29 09:13:59.319932,ICP-148
44,J:\controlled_docs\SDS\Agilent_SDS\USA\USA-2,ICP-348_US(EN)_3.pdf,2019-03-31 09:51:55.137205,ICP-348
45,J:\controlled_docs\SDS\Agilent_SDS\USA\USA-1,ICP-448_US(EN)_2.pdf,2019-03-29 11:53:42.536346,ICP-448
46,J:\controlled_docs\SDS\Agilent_SDS\USA\USA-2,IAA-220_US(EN)_3.pdf,2019-03-30 15:32:14.047983,IAA-220
47,J:\controlled_docs\SDS\Agilent_SDS\USA\USA-1,IAA-020_US(EN)_4.pdf,2019-03-30 07:59:47.575513,IAA-020
48,J:\controlled_docs\SDS\Agilent_SDS\USA\USA-1,ICP-020_US(EN)_4.pdf,2019-03-29 04:43:38.549809,ICP-020
49,J:\controlled_docs\SDS\Agilent_SDS\USA\USA-1,ICP-120_US(EN)_3.pdf,2019-03-29 07:59:52.731767,ICP-120
50,J:\controlled_docs\SDS\Agilent_SDS\USA\USA-2,ICP-320_US(EN)_2.pdf,2019-04-01 09:57:41.350849,ICP-320
51,J:\controlled_docs\SDS\Agilent_SDS\USA\USA-1,ICP-420_US(EN)_2.pdf,2019-03-29 11:17:48.133770,ICP-420
52,J:\controlled_docs\SDS\Agilent_SDS\USA\USA-2,IAA-258_US(EN)_4.pdf,2019-03-30 23:56:32.477579,IAA-258
53,J:\controlled_docs\SDS\Agilent_SDS\USA\USA-1,ICP-058_US(EN)_4.pdf,2019-03-29 06:18:59.326159,ICP-058
54,J:\controlled_docs\SDS\Agilent_SDS\USA\USA-1,ICP-158_US(EN)_3.pdf,2019-03-29 09:38:02.869659,ICP-158
55,J:\controlled_docs\SDS\Agilent_SDS\USA\USA-2,IAA-255_US(EN)_3.pdf,2019-03-30 23:27:01.314283,IAA-255
56,J:\controlled_docs\SDS\Agilent_SDS\USA\USA-1,IAA-055_US(EN)_4.pdf,2019-03-30 11:52:19.863475,IAA-055
57,J:\controlled_docs\SDS\Agilent_SDS\USA\USA-1,ICP-055_US(EN)_3.pdf,2019-03-29 06:10:40.429148,ICP-055
58,J:\controlled_docs\SDS\Agilent_SDS\USA\USA-1,ICP-155_US(EN)_4.pdf,2019-03-29 09:29:24.191145,ICP-155
59,J:\controlled_docs\SDS\Agilent_SDS\USA\USA-2,IAA-224_US(EN)_4.pdf,2019-03-30 16:25:09.229465,IAA-224
60,J:\controlled_docs\SDS\Agilent_SDS\USA\USA-1,IAA-024_US(EN)_4.pdf,2019-03-30 08:23:23.156132,IAA-024
61,J:\controlled_docs\SDS\Agilent_SDS\USA\USA-1,ICP-024_US(EN)_4.pdf,2019-03-29 04:55:09.855533,ICP-024
62,J:\controlled_docs\SDS\Agilent_SDS\USA\USA-3,ICP-024A_US(EN)_4.pdf,2019-05-29 12:15:27.544600,ICP-024
63,J:\controlled_docs\SDS\Agilent_SDS\USA\USA-3,ICP-124_US(EN)_5.pdf,2019-05-29 12:38:17.874640,ICP-124
64,J:\controlled_docs\SDS\Agilent_SDS\USA\USA-1,ICP-324A_US(EN)_2.pdf,2019-03-19 10:29:39.770410,ICP-324
65,J:\controlled_docs\SDS\Agilent_SDS\USA\USA-1,ICP-324_US(EN)_3.pdf,2019-03-28 21:10:57.611066,ICP-324
66,J:\controlled_docs\SDS\Agilent_SDS\USA\USA-1,ICP-424A_US(EN)_2.pdf,2019-03-29 11:27:01.812732,ICP-424
67,J:\controlled_docs\SDS\Agilent_SDS\USA\USA-1,ICP-424_US(EN)_3.pdf,2019-03-29 11:24:56.467377,ICP-424
68,J:\controlled_docs\SDS\Agilent_SDS\USA\USA-2,IAA-227_US(EN)_5.pdf,2019-03-30 17:03:51.676269,IAA-227
69,J:\controlled_docs\SDS\Agilent_SDS\USA\USA-1,IAA-027_US(EN)_3.pdf,2019-03-30 08:46:21.751903,IAA-027
70,J:\controlled_docs\SDS\Agilent_SDS\USA\USA-1,ICP-027_US(EN)_4.pdf,2019-03-29 05:06:57.442715,ICP-027
71,J:\controlled_docs\SDS\Agilent_SDS\USA\USA-1,ICP-127_US(EN)_2.pdf,2019-03-29 08:21:15.341934,ICP-127
72,J:\controlled_docs\SDS\Agilent_SDS\USA\USA-2,ICP-327_US(EN)_4.pdf,2019-03-31 10:08:12.540341,ICP-327
73,J:\controlled_docs\SDS\Agilent_SDS\USA\USA-1,ICP-427_US(EN)_3.pdf,2019-03-29 11:33:40.614711,ICP-427
74,J:\controlled_docs\SDS\Agilent_SDS\USA\USA-2,IAA-229_US(EN)_4.pdf,2019-03-30 17:32:12.104285,IAA-229
75,J:\controlled_docs\SDS\Agilent_SDS\USA\USA-1,IAA-029_US(EN)_4.pdf,2019-03-30 09:00:58.935006,IAA-029
76,J:\controlled_docs\SDS\Agilent_SDS\USA\USA-1,ICP-029_US(EN)_3.pdf,2019-03-29 05:12:49.431595,ICP-029
77,J:\controlled_docs\SDS\Agilent_SDS\USA\USA-1,ICP-129_US(EN)_4.pdf,2019-03-29 08:27:52.018886,ICP-129
78,J:\controlled_docs\SDS\Agilent_SDS\USA\USA-3,ICP-129_US(EN)_5.pdf,2019-05-29 12:42:38.768604,ICP-129
79,J:\controlled_docs\SDS\Agilent_SDS\USA\USA-2,ICP-329_US(EN)_3.pdf,2019-03-31 10:23:13.093088,ICP-329
80,J:\controlled_docs\SDS\Agilent_SDS\USA\USA-1,ICP-429_US(EN)_2.pdf,2019-03-29 11:38:01.102421,ICP-429
81,J:\controlled_docs\SDS\Agilent_SDS\USA\USA-2,IAA-266_US(EN)_3.pdf,2019-03-31 01:00:07.135781,IAA-266
82,J:\controlled_docs\SDS\Agilent_SDS\USA\USA-1,ICP-066_US(EN)_5.pdf,2019-03-29 06:38:24.356696,ICP-066
83,J:\controlled_docs\SDS\Agilent_SDS\USA\USA-1,ICP-166_US(EN)_4.pdf,2019-03-29 09:57:49.900478,ICP-166
84,J:\controlled_docs\SDS\Agilent_SDS\USA\USA-2,IAA-268_US(EN)_4.pdf,2019-03-31 01:15:37.085184,IAA-268
85,J:\controlled_docs\SDS\Agilent_SDS\USA\USA-1,ICP-068_US(EN)_4.pdf,2019-03-29 06:43:54.642174,ICP-068
86,J:\controlled_docs\SDS\Agilent_SDS\USA\USA-1,ICP-168_US(EN)_3.pdf,2019-03-29 10:03:29.967331,ICP-168
87,J:\controlled_docs\SDS\Agilent_SDS\USA\USA-2,IAA-263_US(EN)_3.pdf,2019-03-31 00:34:01.240737,IAA-263
88,J:\controlled_docs\SDS\Agilent_SDS\USA\USA-1,ICP-063_US(EN)_5.pdf,2019-03-29 06:30:03.725288,ICP-063
89,J:\controlled_docs\SDS\Agilent_SDS\USA\USA-1,ICP-163_US(EN)_3.pdf,2019-03-29 09:49:13.393867,ICP-163
90,J:\controlled_docs\SDS\Agilent_SDS\USA\USA-2,IAA-264_US(EN)_3.pdf,2019-03-31 00:42:26.153450,IAA-264
91,J:\controlled_docs\SDS\Agilent_SDS\USA\USA-1,IAA-064_US(EN)_4.pdf,2019-03-30 12:17:49.101799,IAA-064
92,J:\controlled_docs\SDS\Agilent_SDS\USA\USA-1,ICP-064_US(EN)_4.pdf,2019-03-29 06:32:47.430509,ICP-064
93,J:\controlled_docs\SDS\Agilent_SDS\USA\USA-1,ICP-164_US(EN)_3.pdf,2019-03-29 09:52:07.255467,ICP-164
94,J:\controlled_docs\SDS\Agilent_SDS\USA\USA-2,IAA-231_US(EN)_4.pdf,2019-03-30 17:57:58.061573,IAA-231
95,J:\controlled_docs\SDS\Agilent_SDS\USA\USA-1,ICP-031_US(EN)_4.pdf,2019-03-29 05:18:04.529378,ICP-031
96,J:\controlled_docs\SDS\Agilent_SDS\USA\USA-1,ICP-131_US(EN)_3.pdf,2019-03-29 08:33:39.679586,ICP-131
97,J:\controlled_docs\SDS\Agilent_SDS\USA\USA-2,IAA-232_US(EN)_4.pdf,2019-03-30 18:09:44.992496,IAA-232
98,J:\controlled_docs\SDS\Agilent_SDS\USA\USA-1,IAA-032_US(EN)_4.pdf,2019-03-30 09:20:12.637273,IAA-032
99,J:\controlled_docs\SDS\Agilent_SDS\USA\USA-1,ICP-032_US(EN)_4.pdf,2019-03-29 05:20:40.656377,ICP-032
100,J:\controlled_docs\SDS\Agilent_SDS\USA\USA-1,ICP-132_US(EN)_3.pdf,2019-03-29 08:36:39.431887,ICP-132
101,J:\controlled_docs\SDS\Agilent_SDS\USA\USA-2,IAA-279_US(EN)_6.pdf,2019-03-31 02:29:36.641267,IAA-279
102,J:\controlled_docs\SDS\Agilent_SDS\USA\USA-1,ICP-079_US(EN)_6.pdf,2019-03-29 07:09:43.068244,ICP-079
103,J:\controlled_docs\SDS\Agilent_SDS\USA\USA-1,ICP-179_US(EN)_3.pdf,2019-03-29 10:32:29.708349,ICP-179
104,J:\controlled_docs\SDS\Agilent_SDS\USA\USA-1,ICP-379_US(EN)_2.pdf,2019-03-29 09:58:28.135343,ICP-379
105,J:\controlled_docs\SDS\Agilent_SDS\USA\USA-1,ICP-479_US(EN)_3.pdf,2019-03-29 12:03:44.059670,ICP-479
106,J:\controlled_docs\SDS\Agilent_SDS\USA\USA-1,ICP-072_US(EN)_5.pdf,2019-03-29 06:55:15.260261,ICP-072
107,J:\controlled_docs\SDS\Agilent_SDS\USA\USA-1,ICP-172_US(EN)_3.pdf,2019-03-29 10:15:23.648341,ICP-172
108,J:\controlled_docs\SDS\Agilent_SDS\USA\USA-3,ICP-024A_US(EN)_4.pdf,2019-05-29 12:15:27.544600,ICP-024A
109,J:\controlled_docs\SDS\Agilent_SDS\USA\USA-1,ICP-324A_US(EN)_2.pdf,2019-03-19 10:29:39.770410,ICP-324A
110,J:\controlled_docs\SDS\Agilent_SDS\USA\USA-1,ICP-424A_US(EN)_2.pdf,2019-03-29 11:27:01.812732,ICP-424A
111,J:\controlled_docs\SDS\Agilent_SDS\USA\USA-2,IAA-267_US(EN)_3.pdf,2019-03-31 01:07:47.032292,IAA-267
112,J:\controlled_docs\SDS\Agilent_SDS\USA\USA-1,ICP-067_US(EN)_4.pdf,2019-03-29 06:41:07.374408,ICP-067
113,J:\controlled_docs\SDS\Agilent_SDS\USA\USA-1,ICP-167_US(EN)_3.pdf,2019-03-29 10:00:45.183972,ICP-167
114,J:\controlled_docs\SDS\Agilent_SDS\USA\USA-2,IAA-249_US(EN)_4.pdf,2019-03-30 22:38:33.073933,IAA-249
115,J:\controlled_docs\SDS\Agilent_SDS\USA\USA-1,ICP-049_US(EN)_4.pdf,2019-03-29 05:59:18.764173,ICP-049
116,J:\controlled_docs\SDS\Agilent_SDS\USA\USA-1,ICP-149_US(EN)_3.pdf,2019-03-29 09:17:09.494241,ICP-149
117,J:\controlled_docs\SDS\Agilent_SDS\USA\USA-2,IAA-277_US(EN)_4.pdf,2019-03-31 02:07:07.655250,IAA-277
118,J:\controlled_docs\SDS\Agilent_SDS\USA\USA-1,ICP-077_US(EN)_4.pdf,2019-03-29 07:04:33.673658,ICP-077
119,J:\controlled_docs\SDS\Agilent_SDS\USA\USA-3,ICP-177_US(EN)_4.pdf,2019-05-29 12:55:15.340788,ICP-177
120,J:\controlled_docs\SDS\Agilent_SDS\USA\USA-2,IAA-226_US(EN)_3.pdf,2019-03-30 16:51:41.760677,IAA-226
121,J:\controlled_docs\SDS\Agilent_SDS\USA\USA-1,IAA-026_US(EN)_4.pdf,2019-03-30 08:38:31.136504,IAA-026
122,J:\controlled_docs\SDS\Agilent_SDS\USA\USA-1,ICP-026_US(EN)_3.pdf,2019-03-29 05:04:05.503014,ICP-026
123,J:\controlled_docs\SDS\Agilent_SDS\USA\USA-1,ICP-126_US(EN)_4.pdf,2019-03-29 08:18:14.745872,ICP-126
124,J:\controlled_docs\SDS\Agilent_SDS\USA\USA-2,ICP-326_US(EN)_2.pdf,2019-03-30 16:32:37.240405,ICP-326
125,J:\controlled_docs\SDS\Agilent_SDS\USA\USA-1,ICP-426_US(EN)_2.pdf,2019-03-29 11:31:22.550444,ICP-426
126,J:\controlled_docs\SDS\Agilent_SDS\USA\USA-2,IAA-257_US(EN)_4.pdf,2019-03-30 23:48:15.658719,IAA-257
127,J:\controlled_docs\SDS\Agilent_SDS\USA\USA-1,ICP-057_US(EN)_5.pdf,2019-03-29 06:16:14.214671,ICP-057
128,J:\controlled_docs\SDS\Agilent_SDS\USA\USA-1,ICP-157_US(EN)_3.pdf,2019-03-29 09:35:12.742482,ICP-157
129,J:\controlled_docs\SDS\Agilent_SDS\USA\USA-2,IAA-282_US(EN)_4.pdf,2019-03-31 03:11:27.173401,IAA-282
130,J:\controlled_docs\SDS\Agilent_SDS\USA\USA-2,IAA-082_US(EN)_4.pdf,2019-03-30 12:58:57.195890,IAA-082
131,J:\controlled_docs\SDS\Agilent_SDS\USA\USA-1,ICP-082_US(EN)_4.pdf,2019-03-29 07:18:36.653198,ICP-082
132,J:\controlled_docs\SDS\Agilent_SDS\USA\USA-1,ICP-182_US(EN)_3.pdf,2019-03-29 10:41:38.324747,ICP-182
133,J:\controlled_docs\SDS\Agilent_SDS\USA\USA-2,ICP-382_US(EN)_3.pdf,2019-03-31 11:27:42.723735,ICP-382
134,J:\controlled_docs\SDS\Agilent_SDS\USA\USA-1,ICP-482_US(EN)_2.pdf,2019-03-29 12:10:33.361784,ICP-482
135,J:\controlled_docs\SDS\Agilent_SDS\USA\USA-2,IAA-203_US(EN)_4.pdf,2019-03-30 13:40:17.712015,IAA-203
136,J:\controlled_docs\SDS\Agilent_SDS\USA\USA-1,IAA-003_US(EN)_4.pdf,2019-03-30 07:02:23.588913,IAA-003
137,J:\controlled_docs\SDS\Agilent_SDS\USA\USA-3,ICP-003_US(EN)_5.pdf,2019-05-29 12:08:55.070826,ICP-003
138,J:\controlled_docs\SDS\Agilent_SDS\USA\USA-1,ICP-103_US(EN)_4.pdf,2019-03-29 07:30:46.818794,ICP-103
139,J:\controlled_docs\SDS\Agilent_SDS\USA\USA-2,ICP-303_US(EN)_2.pdf,2019-04-01 09:41:48.588654,ICP-303
140,J:\controlled_docs\SDS\Agilent_SDS\USA\USA-1,ICP-403_US(EN)_2.pdf,2019-03-29 10:54:48.709863,ICP-403
141,J:\controlled_docs\SDS\Agilent_SDS\USA\USA-2,IAA-271_US(EN)_3.pdf,2019-03-31 01:44:29.619681,IAA-271
142,J:\controlled_docs\SDS\Agilent_SDS\USA\USA-1,ICP-071_US(EN)_4.pdf,2019-03-29 06:52:25.023707,ICP-071
143,J:\controlled_docs\SDS\Agilent_SDS\USA\USA-1,ICP-171_US(EN)_4.pdf,2019-03-29 10:12:19.255356,ICP-171
144,J:\controlled_docs\SDS\Agilent_SDS\USA\USA-2,IAA-212_US(EN)_4.pdf,2019-03-30 14:17:53.928395,IAA-212
145,J:\controlled_docs\SDS\Agilent_SDS\USA\USA-1,IAA-012_US(EN)_4.pdf,2019-03-30 07:25:02.697126,IAA-012
146,J:\controlled_docs\SDS\Agilent_SDS\USA\USA-1,ICP-012_US(EN)_4.pdf,2019-03-29 04:25:12.348150,ICP-012
147,J:\controlled_docs\SDS\Agilent_SDS\USA\USA-1,ICP-112_US(EN)_4.pdf,2019-03-29 07:43:00.046929,ICP-112
148,J:\controlled_docs\SDS\Agilent_SDS\USA\USA-2,ICP-312_US(EN)_2.pdf,2019-04-01 09:47:14.389699,ICP-312
149,J:\controlled_docs\SDS\Agilent_SDS\USA\USA-1,ICP-412_US(EN)_2.pdf,2019-03-29 11:04:12.482705,ICP-412
150,J:\controlled_docs\SDS\Agilent_SDS\USA\USA-2,IAA-225_US(EN)_4.pdf,2019-03-30 16:39:00.219285,IAA-225
151,J:\controlled_docs\SDS\Agilent_SDS\USA\USA-1,IAA-025_US(EN)_4.pdf,2019-03-30 08:30:57.599449,IAA-025
152,J:\controlled_docs\SDS\Agilent_SDS\USA\USA-1,ICP-025_US(EN)_3.pdf,2019-03-29 05:01:26.157224,ICP-025
153,J:\controlled_docs\SDS\Agilent_SDS\USA\USA-1,ICP-125_US(EN)_4.pdf,2019-03-29 08:15:12.243536,ICP-125
154,J:\controlled_docs\SDS\Agilent_SDS\USA\USA-2,ICP-325_US(EN)_4.pdf,2019-03-31 08:28:29.213755,ICP-325
155,J:\controlled_docs\SDS\Agilent_SDS\USA\USA-1,ICP-425_US(EN)_2.pdf,2019-03-29 11:29:12.783158,ICP-425
156,J:\controlled_docs\SDS\Agilent_SDS\USA\USA-2,IAA-280_US(EN)_4.pdf,2019-03-31 02:42:04.807093,IAA-280
157,J:\controlled_docs\SDS\Agilent_SDS\USA\USA-1,IAA-080_US(EN)_4.pdf,2019-03-30 12:30:21.252051,IAA-080
158,J:\controlled_docs\SDS\Agilent_SDS\USA\USA-1,ICP-080_US(EN)_4.pdf,2019-03-29 07:12:24.476559,ICP-080
159,J:\controlled_docs\SDS\Agilent_SDS\USA\USA-1,ICP-180_US(EN)_3.pdf,2019-03-29 10:35:19.726151,ICP-180
160,J:\controlled_docs\SDS\Agilent_SDS\USA\USA-2,ICP-380_US(EN)_3.pdf,2019-03-31 10:37:24.221087,ICP-380
161,J:\controlled_docs\SDS\Agilent_SDS\USA\USA-1,ICP-480_US(EN)_3.pdf,2019-03-29 12:05:57.998885,ICP-480
162,J:\controlled_docs\SDS\Agilent_SDS\USA\USA-2,IAA-242_US(EN)_3.pdf,2019-03-30 21:26:58.440837,IAA-242
163,J:\controlled_docs\SDS\Agilent_SDS\USA\USA-1,IAA-042_US(EN)_4.pdf,2019-03-30 10:42:38.481829,IAA-042
164,J:\controlled_docs\SDS\Agilent_SDS\USA\USA-1,ICP-042_US(EN)_3.pdf,2019-03-29 05:42:22.813669,ICP-042
165,J:\controlled_docs\SDS\Agilent_SDS\USA\USA-1,ICP-142_US(EN)_4.pdf,2019-03-29 09:00:43.340994,ICP-142
166,J:\controlled_docs\SDS\Agilent_SDS\USA\USA-2,ICP-342_US(EN)_3.pdf,2019-03-31 10:55:17.058206,ICP-342
167,J:\controlled_docs\SDS\Agilent_SDS\USA\USA-1,ICP-442_US(EN)_2.pdf,2019-03-29 11:48:53.876401,ICP-442
168,J:\controlled_docs\SDS\Agilent_SDS\USA\USA-2,IAA-260_US(EN)_4.pdf,2019-03-31 00:16:03.773821,IAA-260
169,J:\controlled_docs\SDS\Agilent_SDS\USA\USA-3,ICP-060_US(EN)_5.pdf,2019-05-29 12:19:43.563502,ICP-060
170,J:\controlled_docs\SDS\Agilent_SDS\USA\USA-1,ICP-160_US(EN)_4.pdf,2019-03-29 09:43:28.217574,ICP-160
171,J:\controlled_docs\SDS\Agilent_SDS\USA\USA-2,IAA-228_US(EN)_5.pdf,2019-03-30 17:17:55.483945,IAA-228
172,J:\controlled_docs\SDS\Agilent_SDS\USA\USA-1,IAA-028_US(EN)_5.pdf,2019-03-30 08:53:40.382517,IAA-028
173,J:\controlled_docs\SDS\Agilent_SDS\USA\USA-1,ICP-028_US(EN)_4.pdf,2019-03-29 05:09:48.944910,ICP-028
174,J:\controlled_docs\SDS\Agilent_SDS\USA\USA-1,ICP-128_US(EN)_4.pdf,2019-03-29 08:24:33.531971,ICP-128
175,J:\controlled_docs\SDS\Agilent_SDS\USA\USA-2,ICP-328_US(EN)_4.pdf,2019-03-31 11:10:55.632720,ICP-328
176,J:\controlled_docs\SDS\Agilent_SDS\USA\USA-1,ICP-428_US(EN)_2.pdf,2019-03-29 11:35:48.116343,ICP-428
177,J:\controlled_docs\SDS\Agilent_SDS\USA\USA-2,IAA-241_US(EN)_3.pdf,2019-03-30 21:18:44.778269,IAA-241
178,J:\controlled_docs\SDS\Agilent_SDS\USA\USA-1,ICP-041_US(EN)_4.pdf,2019-03-29 05:40:07.061931,ICP-041
179,J:\controlled_docs\SDS\Agilent_SDS\USA\USA-1,ICP-141_US(EN)_3.pdf,2019-03-29 08:58:04.932716,ICP-141
180,J:\controlled_docs\SDS\Agilent_SDS\USA\USA-2,IAA-246_US(EN)_4.pdf,2019-03-30 22:00:10.810089,IAA-246
181,J:\controlled_docs\SDS\Agilent_SDS\USA\USA-1,ICP-046_US(EN)_4.pdf,2019-03-29 05:50:29.335521,ICP-046
182,J:\controlled_docs\SDS\Agilent_SDS\USA\USA-1,ICP-146_US(EN)_3.pdf,2019-03-29 09:07:29.627444,ICP-146
183,J:\controlled_docs\SDS\Agilent_SDS\USA\USA-2,IAA-215_US(EN)_3.pdf,2019-03-30 14:57:28.427538,IAA-215
184,J:\controlled_docs\SDS\Agilent_SDS\USA\USA-3,IAA-015_US(EN)_4.pdf,2019-05-24 22:53:15.926687,IAA-015
185,J:\controlled_docs\SDS\Agilent_SDS\USA\USA-1,ICP-015_US(EN)_4.pdf,2019-03-29 04:36:13.606614,ICP-015
186,J:\controlled_docs\SDS\Agilent_SDS\USA\USA-3,ICP-115_US(EN)_5.pdf,2019-05-29 12:29:52.368169,ICP-115
187,J:\controlled_docs\SDS\Agilent_SDS\USA\USA-2,ICP-315_US(EN)_2.pdf,2019-04-01 09:49:59.594939,ICP-315
188,J:\controlled_docs\SDS\Agilent_SDS\USA\USA-1,ICP-415_US(EN)_2.pdf,2019-03-29 11:10:55.894118,ICP-415
189,J:\controlled_docs\SDS\Agilent_SDS\USA\USA-2,IAA-278_US(EN)_3.pdf,2019-03-31 02:18:18.179457,IAA-278
190,J:\controlled_docs\SDS\Agilent_SDS\USA\USA-3,ICP-078_US(EN)_6.pdf,2019-05-29 12:26:44.037634,ICP-078
191,J:\controlled_docs\SDS\Agilent_SDS\USA\USA-1,ICP-178_US(EN)_3.pdf,2019-03-29 10:29:26.752883,ICP-178
192,J:\controlled_docs\SDS\Agilent_SDS\USA\USA-2,IAA-219_US(EN)_3.pdf,2019-03-30 15:19:36.757040,IAA-219
193,J:\controlled_docs\SDS\Agilent_SDS\USA\USA-1,IAA-019_US(EN)_3.pdf,2019-03-30 07:52:03.116443,IAA-019
194,J:\controlled_docs\SDS\Agilent_SDS\USA\USA-1,ICP-019_US(EN)_3.pdf,2019-03-29 04:40:54.766463,ICP-019
195,J:\controlled_docs\SDS\Agilent_SDS\USA\USA-1,ICP-119_US(EN)_4.pdf,2019-03-29 07:56:59.854554,ICP-119
196,J:\controlled_docs\SDS\Agilent_SDS\USA\USA-2,ICP-319_US(EN)_2.pdf,2019-04-01 09:54:52.145558,ICP-319
197,J:\controlled_docs\SDS\Agilent_SDS\USA\USA-1,ICP-419_US(EN)_2.pdf,2019-03-29 11:15:27.100715,ICP-419
198,J:\controlled_docs\SDS\Agilent_SDS\USA\USA-2,IAA-259_US(EN)_3.pdf,2019-03-31 00:07:10.532621,IAA-259
199,J:\controlled_docs\SDS\Agilent_SDS\USA\USA-1,ICP-059_US(EN)_4.pdf,2019-03-29 06:21:45.765790,ICP-059
200,J:\controlled_docs\SDS\Agilent_SDS\USA\USA-1,ICP-159_US(EN)_3.pdf,2019-03-29 09:40:40.699805,ICP-159
201,J:\controlled_docs\SDS\Agilent_SDS\USA\USA-2,IAA-275_US(EN)_3.pdf,2019-03-31 02:00:07.978003,IAA-275
202,J:\controlled_docs\SDS\Agilent_SDS\USA\USA-1,ICP-075_US(EN)_3.pdf,2019-03-29 07:02:24.265752,ICP-075
203,J:\controlled_docs\SDS\Agilent_SDS\USA\USA-1,ICP-175_US(EN)_3.pdf,2019-03-29 10:23:46.670405,ICP-175
204,J:\controlled_docs\SDS\Agilent_SDS\USA\USA-2,IAA-245_US(EN)_4.pdf,2019-03-30 21:49:09.739128,IAA-245
205,J:\controlled_docs\SDS\Agilent_SDS\USA\USA-1,ICP-045_US(EN)_4.pdf,2019-03-29 05:47:48.911593,ICP-045
206,J:\controlled_docs\SDS\Agilent_SDS\USA\USA-2,IAA-237_US(EN)_3.pdf,2019-03-30 18:47:35.505933,IAA-237
207,J:\controlled_docs\SDS\Agilent_SDS\USA\USA-1,ICP-037_US(EN)_4.pdf,2019-03-29 05:29:06.115971,ICP-037
208,J:\controlled_docs\SDS\Agilent_SDS\USA\USA-1,ICP-137_US(EN)_3.pdf,2019-03-29 08:46:01.454706,ICP-137
209,J:\controlled_docs\SDS\Agilent_SDS\USA\USA-2,IAA-244_US(EN)_4.pdf,2019-03-30 21:38:10.824444,IAA-244
210,J:\controlled_docs\SDS\Agilent_SDS\USA\USA-1,ICP-044_US(EN)_4.pdf,2019-03-29 05:45:15.769008,ICP-044
211,J:\controlled_docs\SDS\Agilent_SDS\USA\USA-3,ICP-144_US(EN)_4.pdf,2019-05-29 12:46:58.678181,ICP-144
212,J:\controlled_docs\SDS\Agilent_SDS\USA\USA-2,IAA-262_US(EN)_3.pdf,2019-03-31 00:25:56.578284,IAA-262
213,J:\controlled_docs\SDS\Agilent_SDS\USA\USA-1,ICP-062_US(EN)_5.pdf,2019-03-29 06:27:14.316870,ICP-062
214,J:\controlled_docs\SDS\Agilent_SDS\USA\USA-1,ICP-162_US(EN)_4.pdf,2019-03-29 09:46:21.766670,ICP-162
215,J:\controlled_docs\SDS\Agilent_SDS\USA\USA-2,IAA-221_US(EN)_5.pdf,2019-03-30 15:44:52.792070,IAA-221
216,J:\controlled_docs\SDS\Agilent_SDS\USA\USA-1,ICP-021_US(EN)_5.pdf,2019-03-29 04:46:30.177006,ICP-021
217,J:\controlled_docs\SDS\Agilent_SDS\USA\USA-1,ICP-121_US(EN)_3.pdf,2019-03-29 08:02:50.374665,ICP-121
218,J:\controlled_docs\SDS\Agilent_SDS\USA\USA-2,IAA-234_US(EN)_4.pdf,2019-03-30 18:34:12.542531,IAA-234
219,J:\controlled_docs\SDS\Agilent_SDS\USA\USA-1,IAA-034_US(EN)_4.pdf,2019-03-30 09:49:26.628474,IAA-034
220,J:\controlled_docs\SDS\Agilent_SDS\USA\USA-1,ICP-034_US(EN)_3.pdf,2019-03-29 05:26:13.723140,ICP-034
221,J:\controlled_docs\SDS\Agilent_SDS\USA\USA-1,ICP-134_US(EN)_3.pdf,2019-03-29 08:42:57.546102,ICP-134
222,J:\controlled_docs\SDS\Agilent_SDS\USA\USA-2,ICP-334_US(EN)_3.pdf,2019-03-31 11:44:37.924230,ICP-334
223,J:\controlled_docs\SDS\Agilent_SDS\USA\USA-1,ICP-434_US(EN)_2.pdf,2019-03-29 11:44:41.170041,ICP-434
224,J:\controlled_docs\SDS\Agilent_SDS\USA\USA-1,ICP-014A_US(EN)_4.pdf,2019-03-29 04:33:25.823216,ICP-014A
225,J:\controlled_docs\SDS\Agilent_SDS\USA\USA-1,IAA-214_US(EN)_4.pdf,2019-03-21 11:17:39.483411,IAA-214
226,J:\controlled_docs\SDS\Agilent_SDS\USA\USA-1,IAA-014_US(EN)_4.pdf,2019-03-30 07:38:44.356219,IAA-014
227,J:\controlled_docs\SDS\Agilent_SDS\USA\USA-1,ICP-014A_US(EN)_4.pdf,2019-03-29 04:33:25.823216,ICP-014
228,J:\controlled_docs\SDS\Agilent_SDS\USA\USA-1,ICP-014_US(EN)_5.pdf,2019-03-29 04:30:35.883541,ICP-014
229,J:\controlled_docs\SDS\Agilent_SDS\USA\USA-1,ICP-114_US(EN)_5.pdf,2019-03-29 07:48:41.191921,ICP-114
230,J:\controlled_docs\SDS\Agilent_SDS\USA\USA-1,ICP-314_US(EN)_2.pdf,2019-03-29 01:01:31.710015,ICP-314
231,J:\controlled_docs\SDS\Agilent_SDS\USA\USA-1,ICP-414_US(EN)_4.pdf,2019-03-29 11:08:39.611124,ICP-414
232,J:\controlled_docs\SDS\Agilent_SDS\USA\USA-2,IAA-247_US(EN)_3.pdf,2019-03-30 22:12:33.850850,IAA-247
233,J:\controlled_docs\SDS\Agilent_SDS\USA\USA-1,IAA-047_US(EN)_3.pdf,2019-03-30 10:55:41.319974,IAA-047
234,J:\controlled_docs\SDS\Agilent_SDS\USA\USA-1,ICP-047_US(EN)_5.pdf,2019-03-29 05:53:27.681554,ICP-047
235,J:\controlled_docs\SDS\Agilent_SDS\USA\USA-1,ICP-147_US(EN)_3.pdf,2019-03-29 09:10:51.067523,ICP-147
236,J:\controlled_docs\SDS\Agilent_SDS\USA\USA-2,ICP-347_US(EN)_2.pdf,2019-04-01 10:03:23.167724,ICP-347
237,J:\controlled_docs\SDS\Agilent_SDS\USA\USA-1,ICP-447_US(EN)_3.pdf,2019-03-29 11:51:21.456415,ICP-447
238,J:\controlled_docs\SDS\Agilent_SDS\USA\USA-2,IAA-211_US(EN)_3.pdf,2019-03-30 14:05:41.200266,IAA-211
239,J:\controlled_docs\SDS\Agilent_SDS\USA\USA-1,IAA-011_US(EN)_4.pdf,2019-03-30 07:17:57.476796,IAA-011
240,J:\controlled_docs\SDS\Agilent_SDS\USA\USA-1,ICP-011_US(EN)_3.pdf,2019-03-29 04:22:28.627304,ICP-011
241,J:\controlled_docs\SDS\Agilent_SDS\USA\USA-1,ICP-111_US(EN)_3.pdf,2019-03-29 07:39:59.778997,ICP-111
242,J:\controlled_docs\SDS\Agilent_SDS\USA\USA-2,ICP-311_US(EN)_2.pdf,2019-04-01 09:44:37.606442,ICP-311
243,J:\controlled_docs\SDS\Agilent_SDS\USA\USA-1,ICP-411_US(EN)_2.pdf,2019-03-29 11:01:50.918393,ICP-411
244,J:\controlled_docs\SDS\Agilent_SDS\USA\USA-2,IAA-238_US(EN)_3.pdf,2019-03-30 18:57:31.935443,IAA-238
245,J:\controlled_docs\SDS\Agilent_SDS\USA\USA-1,IAA-038_US(EN)_4.pdf,2019-03-30 10:03:02.045161,IAA-038
246,J:\controlled_docs\SDS\Agilent_SDS\USA\USA-1,ICP-038_US(EN)_3.pdf,2019-03-29 05:31:48.305547,ICP-038
247,J:\controlled_docs\SDS\Agilent_SDS\USA\USA-1,ICP-138_US(EN)_3.pdf,2019-03-29 08:49:05.097681,ICP-138
248,J:\controlled_docs\SDS\Agilent_SDS\USA\USA-1,ICP-338_US(EN)_3.pdf,2019-03-28 20:47:38.046277,ICP-338
249,J:\controlled_docs\SDS\Agilent_SDS\USA\USA-1,ICP-438_US(EN)_2.pdf,2019-03-29 11:46:43.515357,ICP-438
250,J:\controlled_docs\SDS\Agilent_SDS\USA\USA-2,IAA-216_US(EN)_3.pdf,2019-03-30 15:09:58.171510,IAA-216
251,J:\controlled_docs\SDS\Agilent_SDS\USA\USA-1,IAA-016_US(EN)_3.pdf,2019-03-30 07:45:53.361710,IAA-016
252,J:\controlled_docs\SDS\Agilent_SDS\USA\USA-3,ICP-016_US(EN)_5.pdf,2019-05-29 12:12:27.104790,ICP-016
253,J:\controlled_docs\SDS\Agilent_SDS\USA\USA-1,ICP-116_US(EN)_3.pdf,2019-03-29 07:54:33.508931,ICP-116
254,J:\controlled_docs\SDS\Agilent_SDS\USA\USA-2,ICP-316_US(EN)_2.pdf,2019-04-01 09:52:37.815714,ICP-316
255,J:\controlled_docs\SDS\Agilent_SDS\USA\USA-1,ICP-416_US(EN)_2.pdf,2019-03-29 11:13:20.411593,ICP-416
256,J:\controlled_docs\SDS\Agilent_SDS\USA\USA-3,IAA-273_US(EN)_4.pdf,2019-05-25 04:44:11.141145,IAA-273
257,J:\controlled_docs\SDS\Agilent_SDS\USA\USA-1,ICP-073_US(EN)_4.pdf,2019-03-29 06:57:43.355906,ICP-073
258,J:\controlled_docs\SDS\Agilent_SDS\USA\USA-3,ICP-173_US(EN)_4.pdf,2019-08-23 12:42:59.804571,ICP-173
259,J:\controlled_docs\SDS\Agilent_SDS\USA\USA-2,IAA-252_US(EN)_4.pdf,2019-03-30 23:15:02.351955,IAA-252
260,J:\controlled_docs\SDS\Agilent_SDS\USA\USA-3,ICP-052_US(EN)_5.pdf,2019-08-23 11:17:38.362840,ICP-052
261,J:\controlled_docs\SDS\Agilent_SDS\USA\USA-3,ICP-152_US(EN)_4.pdf,2019-08-23 11:20:14.146084,ICP-152
262,J:\controlled_docs\SDS\Agilent_SDS\USA\USA-2,IAA-265_US(EN)_4.pdf,2019-03-31 00:50:10.112514,IAA-265
263,J:\controlled_docs\SDS\Agilent_SDS\USA\USA-1,ICP-065_US(EN)_4.pdf,2019-03-29 06:35:32.995128,ICP-065
264,J:\controlled_docs\SDS\Agilent_SDS\USA\USA-1,ICP-165_US(EN)_3.pdf,2019-03-29 09:55:00.085805,ICP-165
265,J:\controlled_docs\SDS\Agilent_SDS\USA\USA-2,IAA-281_US(EN)_3.pdf,2019-03-31 02:59:17.351559,IAA-281
266,J:\controlled_docs\SDS\Agilent_SDS\USA\USA-2,IAA-081_US(EN)_4.pdf,2019-03-30 12:45:09.419670,IAA-081
267,J:\controlled_docs\SDS\Agilent_SDS\USA\USA-1,ICP-081_US(EN)_3.pdf,2019-03-29 07:15:40.338441,ICP-081
268,J:\controlled_docs\SDS\Agilent_SDS\USA\USA-1,ICP-181_US(EN)_4.pdf,2019-03-29 10:38:37.213053,ICP-181
269,J:\controlled_docs\SDS\Agilent_SDS\USA\USA-1,ICP-381_US(EN)_2.pdf,2019-03-28 20:53:07.925499,ICP-381
270,J:\controlled_docs\SDS\Agilent_SDS\USA\USA-1,ICP-481_US(EN)_2.pdf,2019-03-29 12:08:12.438105,ICP-481
271,J:\controlled_docs\SDS\Agilent_SDS\USA\USA-2,IAA-290_US(EN)_4.pdf,2019-03-31 03:38:31.912947,IAA-290
272,J:\controlled_docs\SDS\Agilent_SDS\USA\USA-2,IAA-090_US(EN)_4.pdf,2019-03-30 13:26:26.904506,IAA-090
273,J:\controlled_docs\SDS\Agilent_SDS\USA\USA-1,ICP-090_US(EN)_3.pdf,2019-03-29 07:24:31.017109,ICP-090
274,J:\controlled_docs\SDS\Agilent_SDS\USA\USA-1,ICP-190_US(EN)_4.pdf,2019-03-29 10:48:22.829924,ICP-190
275,J:\controlled_docs\SDS\Agilent_SDS\USA\USA-2,IAA-269_US(EN)_4.pdf,2019-03-31 01:25:47.331183,IAA-269
276,J:\controlled_docs\SDS\Agilent_SDS\USA\USA-1,ICP-069_US(EN)_4.pdf,2019-03-29 06:46:47.628763,ICP-069
277,J:\controlled_docs\SDS\Agilent_SDS\USA\USA-3,ICP-169_US(EN)_4.pdf,2019-05-29 12:51:03.571940,ICP-169
278,J:\controlled_docs\SDS\Agilent_SDS\USA\USA-2,IAA-250_US(EN)_4.pdf,2019-03-30 22:48:40.659835,IAA-250
279,J:\controlled_docs\SDS\Agilent_SDS\USA\USA-1,IAA-050_US(EN)_4.pdf,2019-03-30 11:25:29.264735,IAA-050
280,J:\controlled_docs\SDS\Agilent_SDS\USA\USA-1,ICP-050_US(EN)_3.pdf,2019-03-29 06:02:04.235041,ICP-050
281,J:\controlled_docs\SDS\Agilent_SDS\USA\USA-1,ICP-150_US(EN)_4.pdf,2019-03-29 09:20:08.152778,ICP-150
282,J:\controlled_docs\SDS\Agilent_SDS\USA\USA-1,ICP-350_US(EN)_4.pdf,2019-03-29 01:07:30.011477,ICP-350
283,J:\controlled_docs\SDS\Agilent_SDS\USA\USA-1,ICP-450_US(EN)_3.pdf,2019-03-29 11:55:57.553699,ICP-450
284,J:\controlled_docs\SDS\Agilent_SDS\USA\USA-2,IAA-222_US(EN)_4.pdf,2019-03-30 15:57:23.286052,IAA-222
285,J:\controlled_docs\SDS\Agilent_SDS\USA\USA-1,IAA-022_US(EN)_4.pdf,2019-03-30 08:07:25.690752,IAA-022
286,J:\controlled_docs\SDS\Agilent_SDS\USA\USA-1,ICP-022_US(EN)_5.pdf,2019-03-29 04:49:12.366582,ICP-022
287,J:\controlled_docs\SDS\Agilent_SDS\USA\USA-3,ICP-122_US(EN)_4.pdf,2019-05-29 12:34:05.949540,ICP-122
288,J:\controlled_docs\SDS\Agilent_SDS\USA\USA-2,ICP-322_US(EN)_2.pdf,2019-04-01 10:00:33.243674,ICP-322
289,J:\controlled_docs\SDS\Agilent_SDS\USA\USA-1,ICP-422_US(EN)_3.pdf,2019-03-29 11:20:01.901107,ICP-422
290,J:\controlled_docs\SDS\Agilent_SDS\USA\USA-2,IAA-274_US(EN)_3.pdf,2019-03-31 01:52:45.675467,IAA-274
291,J:\controlled_docs\SDS\Agilent_SDS\USA\USA-3,ICP-074_US(EN)_5.pdf,2019-05-29 12:23:41.254044,ICP-074
292,J:\controlled_docs\SDS\Agilent_SDS\USA\USA-1,ICP-174_US(EN)_3.pdf,2019-03-29 10:21:12.996562,ICP-174
293,J:\controlled_docs\SDS\Agilent_SDS\USA\USA-3,IAA-292_US(EN)_5.pdf,2019-08-23 11:03:09.289216,IAA-292
294,J:\controlled_docs\SDS\Agilent_SDS\USA\USA-3,IAA-092_US(EN)_4.pdf,2019-05-25 00:44:02.284238,IAA-092
295,J:\controlled_docs\SDS\Agilent_SDS\USA\USA-3,ICP-092_US(EN)_5.pdf,2019-08-23 11:18:55.910708,ICP-092
296,J:\controlled_docs\SDS\Agilent_SDS\USA\USA-1,ICP-192_US(EN)_4.pdf,2019-03-29 10:51:34.910508,ICP-192
297,J:\controlled_docs\SDS\Agilent_SDS\USA\USA-2,IAA-223_US(EN)_7.pdf,2019-03-30 16:10:06.364964,IAA-223
298,J:\controlled_docs\SDS\Agilent_SDS\USA\USA-1,IAA-023_US(EN)_5.pdf,2019-03-30 08:14:39.696307,IAA-023
299,J:\controlled_docs\SDS\Agilent_SDS\USA\USA-1,ICP-023_US(EN)_6.pdf,2019-03-29 04:52:01.634373,ICP-023
300,J:\controlled_docs\SDS\Agilent_SDS\USA\USA-1,ICP-123_US(EN)_4.pdf,2019-03-29 08:08:48.598001,ICP-123
301,J:\controlled_docs\SDS\Agilent_SDS\USA\USA-3,ICP-323_US(EN)_3.pdf,2019-08-23 12:44:27.055688,ICP-323
302,J:\controlled_docs\SDS\Agilent_SDS\USA\USA-1,ICP-423_US(EN)_3.pdf,2019-03-29 11:22:31.262394,ICP-423
303,J:\controlled_docs\SDS\Agilent_SDS\USA\USA-2,IAA-270_US(EN)_3.pdf,2019-03-31 01:36:04.980872,IAA-270
304,J:\controlled_docs\SDS\Agilent_SDS\USA\USA-1,ICP-070_US(EN)_4.pdf,2019-03-29 06:49:32.677751,ICP-070
305,J:\controlled_docs\SDS\Agilent_SDS\USA\USA-1,ICP-170_US(EN)_4.pdf,2019-03-29 10:09:20.893698,ICP-170
306,J:\controlled_docs\SDS\Agilent_SDS\USA\USA-2,IAA-239_US(EN)_4.pdf,2019-03-30 19:09:49.335506,IAA-239
307,J:\controlled_docs\SDS\Agilent_SDS\USA\USA-1,IAA-039_US(EN)_4.pdf,2019-03-30 10:16:19.320991,IAA-039
308,J:\controlled_docs\SDS\Agilent_SDS\USA\USA-1,ICP-039_US(EN)_4.pdf,2019-03-29 05:34:30.948254,ICP-039
309,J:\controlled_docs\SDS\Agilent_SDS\USA\USA-1,ICP-139_US(EN)_3.pdf,2019-03-29 08:52:01.521815,ICP-139
310,J:\controlled_docs\SDS\Agilent_SDS\USA\USA-1,IAA-230_US(EN)_3.pdf,2019-03-13 09:50:48.418311,IAA-230
311,J:\controlled_docs\SDS\Agilent_SDS\USA\USA-2,IAA-230_US(EN)_4.pdf,2019-03-30 17:45:02.832900,IAA-230
312,J:\controlled_docs\SDS\Agilent_SDS\USA\USA-1,IAA-030_US(EN)_4.pdf,2019-03-30 09:07:35.971338,IAA-030
313,J:\controlled_docs\SDS\Agilent_SDS\USA\USA-1,ICP-030_US(EN)_4.pdf,2019-03-29 05:15:24.886710,ICP-030
314,J:\controlled_docs\SDS\Agilent_SDS\USA\USA-1,ICP-130_US(EN)_4.pdf,2019-03-29 08:30:52.052441,ICP-130
315,J:\controlled_docs\SDS\Agilent_SDS\USA\USA-2,ICP-330_US(EN)_3.pdf,2019-03-31 12:00:22.451945,ICP-330
316,J:\controlled_docs\SDS\Agilent_SDS\USA\USA-1,ICP-430_US(EN)_3.pdf,2019-03-29 11:40:08.322799,ICP-430
317,J:\controlled_docs\SDS\Agilent_SDS\USA\USA-2,IAA-240_US(EN)_4.pdf,2019-03-30 21:06:42.956529,IAA-240
318,J:\controlled_docs\SDS\Agilent_SDS\USA\USA-1,IAA-040_US(EN)_4.pdf,2019-03-30 10:29:33.065526,IAA-040
319,J:\controlled_docs\SDS\Agilent_SDS\USA\USA-1,ICP-040_US(EN)_4.pdf,2019-03-29 05:37:13.715963,ICP-040
320,J:\controlled_docs\SDS\Agilent_SDS\USA\USA-1,ICP-140_US(EN)_3.pdf,2019-03-29 08:54:58.070949,ICP-140
